,mean,std,min,max,median,q25,q75,range
Axis_1,52.45,2.165003464200462,49.23,55.73,52.43,50.785,54.09,
Axis_2,47.00909090909091,1.4720017292479959,44.81,49.23,47.01,45.89,48.120000000000005,
Axis_3,57.28363636363636,1.7728918338537907,54.62,59.96,57.28,55.945,58.620000000000005,
Axis_4,53.58454545454546,1.4988353054045904,51.34,55.85,53.58,52.45,54.715,
Axis_5,50.17818181818182,1.5214389122263055,47.89,52.47,50.18,49.03,51.325,
Axis_6,54.892727272727264,1.8449503565629668,52.11,57.67,54.89,53.5,56.285,
Axis_7,51.09181818181819,1.5588381454263829,48.76,53.45,51.09,49.91,52.265,
Axis_8,52.809999999999995,1.5711842667236702,50.45,55.18,52.81,51.620000000000005,53.995,
Time,,,0.0,10.0,,,,10.0
