axis,time_to_failure_seconds,time_to_failure_days,predicted_failure_time,current_deviation,predicted_peak_deviation,severity
2,0.0,0.0,121192.452,20.32908232110879,1.5753681650886833,CRITICAL
3,0.0,0.0,121192.452,-7.8716790626747635,1.053220942309712,CRITICAL
5,92021.62162162164,1.0650650650650653,213214.07362162165,0.676967536386371,1.003802890069253,CRITICAL
6,130767.56756756756,1.5135135135135134,251960.01956756756,4.7991625147680255,0.5004251013957958,ALERT
